Month,Avg_sunspot_count
01-01-1749,97
02-01-1749,104
03-01-1749,117
04-01-1749,93
05-01-1749,142
06-01-1749,139
07-01-1749,158
08-01-1749,111
09-01-1749,127
10-01-1749,126
11-01-1749,264
12-01-1749,142
01-01-1750,122
02-01-1750,127
03-01-1750,149
04-01-1750,147
05-01-1750,150
06-01-1750,167
07-01-1750,142
08-01-1750,172
09-01-1750,152
10-01-1750,110
11-01-1750,106
12-01-1750,126
01-01-1751,117
02-01-1751,73
03-01-1751,76
04-01-1751,94
05-01-1751,101
06-01-1751,85
07-01-1751,111
08-01-1751,100
09-01-1751,39
10-01-1751,39
11-01-1751,48
12-01-1751,73
01-01-1752,58
02-01-1752,83
03-01-1752,118
04-01-1752,99
05-01-1752,100
06-01-1752,66
07-01-1752,131
08-01-1752,49
09-01-1752,45
10-01-1752,78
11-01-1752,63
12-01-1752,67
01-01-1753,73
02-01-1753,53
03-01-1753,76
04-01-1753,63
05-01-1753,60
06-01-1753,53
07-01-1753,37
08-01-1753,65
09-01-1753,47
10-01-1753,42
11-01-1753,33
12-01-1753,11
01-01-1754,0
02-01-1754,5
03-01-1754,3
04-01-1754,23
05-01-1754,35
06-01-1754,45
07-01-1754,31
08-01-1754,21
09-01-1754,14
10-01-1754,40
11-01-1754,22
12-01-1754,7
01-01-1755,17
02-01-1755,19
03-01-1755,11
04-01-1755,11
05-01-1755,0
06-01-1755,0
07-01-1755,14
08-01-1755,5
09-01-1755,30
10-01-1755,40
11-01-1755,11
12-01-1755,33
01-01-1756,21
02-01-1756,12
03-01-1756,9
04-01-1756,16
05-01-1756,21
06-01-1756,22
07-01-1756,6
08-01-1756,11
09-01-1756,20
10-01-1756,24
11-01-1756,28
12-01-1756,16
01-01-1757,24
02-01-1757,35
03-01-1757,44
04-01-1757,50
05-01-1757,64
06-01-1757,21
07-01-1757,42
08-01-1757,86
09-01-1757,66
10-01-1757,54
11-01-1757,108
12-01-1757,56
01-01-1758,63
02-01-1758,87
03-01-1758,82
04-01-1758,121
05-01-1758,77
06-01-1758,75
07-01-1758,73
08-01-1758,65
09-01-1758,104
10-01-1758,63
11-01-1758,72
12-01-1758,72
01-01-1759,81
02-01-1759,73
03-01-1759,78
04-01-1759,78
05-01-1759,82
06-01-1759,83
07-01-1759,85
08-01-1759,119
09-01-1759,129
10-01-1759,100
11-01-1759,77
12-01-1759,95
01-01-1760,112
02-01-1760,99
03-01-1760,125
04-01-1760,97
05-01-1760,120
06-01-1760,81
07-01-1760,110
08-01-1760,126
09-01-1760,102
10-01-1760,84
11-01-1760,100
12-01-1760,102
01-01-1761,117
02-01-1761,152
03-01-1761,135
04-01-1761,120
05-01-1761,179
06-01-1761,166
07-01-1761,157
08-01-1761,152
09-01-1761,168
10-01-1761,148
11-01-1761,150
12-01-1761,77
01-01-1762,73
02-01-1762,121
03-01-1762,76
04-01-1762,100
05-01-1762,67
06-01-1762,129
07-01-1762,56
08-01-1762,113
09-01-1762,114
10-01-1762,116
11-01-1762,130
12-01-1762,129
01-01-1763,94
02-01-1763,53
03-01-1763,57
04-01-1763,55
05-01-1763,55
06-01-1763,60
07-01-1763,90
08-01-1763,44
09-01-1763,114
10-01-1763,77
11-01-1763,102
12-01-1763,102
01-01-1764,100
02-01-1764,100
03-01-1764,67
04-01-1764,57
05-01-1764,74
06-01-1764,50
07-01-1764,50
08-01-1764,50
09-01-1764,47
10-01-1764,47
11-01-1764,43
12-01-1764,43
01-01-1765,40
02-01-1765,43
03-01-1765,42
04-01-1765,37
05-01-1765,34
06-01-1765,33
07-01-1765,45
08-01-1765,50
09-01-1765,27
10-01-1765,23
11-01-1765,23
12-01-1765,22
01-01-1766,20
02-01-1766,18
03-01-1766,61
04-01-1766,10
05-01-1766,45
06-01-1766,5
07-01-1766,6
08-01-1766,7
09-01-1766,7
10-01-1766,8
11-01-1766,10
12-01-1766,32
01-01-1767,46
02-01-1767,50
03-01-1767,72
04-01-1767,55
05-01-1767,50
06-01-1767,56
07-01-1767,37
08-01-1767,68
09-01-1767,71
10-01-1767,74
11-01-1767,91
12-01-1767,89
01-01-1768,89
02-01-1768,110
03-01-1768,77
04-01-1768,71
05-01-1768,130
06-01-1768,129
07-01-1768,88
08-01-1768,111
09-01-1768,125
10-01-1768,130
11-01-1768,151
12-01-1768,186
01-01-1769,123
02-01-1769,107
03-01-1769,107
04-01-1769,161
05-01-1769,123
06-01-1769,157
07-01-1769,198
08-01-1769,201
09-01-1769,248
10-01-1769,264
11-01-1769,247
12-01-1769,187
01-01-1770,173
02-01-1770,238
03-01-1770,134
04-01-1770,85
05-01-1770,117
06-01-1770,139
07-01-1770,183
08-01-1770,211
09-01-1770,174
10-01-1770,173
11-01-1770,220
12-01-1770,171
01-01-1771,60
02-01-1771,77
03-01-1771,78
04-01-1771,108
05-01-1771,255
06-01-1771,199
07-01-1771,113
08-01-1771,98
09-01-1771,169
10-01-1771,150
11-01-1771,166
12-01-1771,160
01-01-1772,168
02-01-1772,151
03-01-1772,52
04-01-1772,154
05-01-1772,63
06-01-1772,95
07-01-1772,129
08-01-1772,94
09-01-1772,84
10-01-1772,131
11-01-1772,102
12-01-1772,107
01-01-1773,91
02-01-1773,48
03-01-1773,85
04-01-1773,55
05-01-1773,69
06-01-1773,47
07-01-1773,46
08-01-1773,21
09-01-1773,49
10-01-1773,44
11-01-1773,68
12-01-1773,72
01-01-1774,78
02-01-1774,109
03-01-1774,93
04-01-1774,73
05-01-1774,86
06-01-1774,48
07-01-1774,29
08-01-1774,11
09-01-1774,13
10-01-1774,23
11-01-1774,30
12-01-1774,20
01-01-1775,7
02-01-1775,0
03-01-1775,19
04-01-1775,19
05-01-1775,7
06-01-1775,21
07-01-1775,2
08-01-1775,13
09-01-1775,5
10-01-1775,9
11-01-1775,25
12-01-1775,13
01-01-1776,36
02-01-1776,19
03-01-1776,11
04-01-1776,36
05-01-1776,19
06-01-1776,32
07-01-1776,2
08-01-1776,40
09-01-1776,27
10-01-1776,50
11-01-1776,58
12-01-1776,67
01-01-1777,75
02-01-1777,61
03-01-1777,65
04-01-1777,159
05-01-1777,134
06-01-1777,135
07-01-1777,158
08-01-1777,187
09-01-1777,194
10-01-1777,178
11-01-1777,243
12-01-1777,262
01-01-1778,296
02-01-1778,182
03-01-1778,223
04-01-1778,242
05-01-1778,398
06-01-1778,286
07-01-1778,255
08-01-1778,233
09-01-1778,286
10-01-1778,261
11-01-1778,251
12-01-1778,175
01-01-1779,191
02-01-1779,276
03-01-1779,197
04-01-1779,242
05-01-1779,233
06-01-1779,190
07-01-1779,238
08-01-1779,187
09-01-1779,185
10-01-1779,207
11-01-1779,190
12-01-1779,183
01-01-1780,117
02-01-1780,163
03-01-1780,163
04-01-1780,158
05-01-1780,179
06-01-1780,147
07-01-1780,143
08-01-1780,143
09-01-1780,156
10-01-1780,128
11-01-1780,100
12-01-1780,98
01-01-1781,165
02-01-1781,125
03-01-1781,88
04-01-1781,114
05-01-1781,175
06-01-1781,163
07-01-1781,123
08-01-1781,110
09-01-1781,85
10-01-1781,46
11-01-1781,112
12-01-1781,59
01-01-1782,90
02-01-1782,63
03-01-1782,62
04-01-1782,68
05-01-1782,91
06-01-1782,63
07-01-1782,62
08-01-1782,73
09-01-1782,57
10-01-1782,39
11-01-1782,53
12-01-1782,50
01-01-1783,47
02-01-1783,65
03-01-1783,45
04-01-1783,47
05-01-1783,38
06-01-1783,42
07-01-1783,54
08-01-1783,33
09-01-1783,30
10-01-1783,13
11-01-1783,25
12-01-1783,18
01-01-1784,22
02-01-1784,13
03-01-1784,18
04-01-1784,17
05-01-1784,10
06-01-1784,15
07-01-1784,10
08-01-1784,17
09-01-1784,17
10-01-1784,13
11-01-1784,28
12-01-1784,23
01-01-1785,11
02-01-1785,13
03-01-1785,15
04-01-1785,26
05-01-1785,35
06-01-1785,44
07-01-1785,61
08-01-1785,33
09-01-1785,53
10-01-1785,79
11-01-1785,67
12-01-1785,46
01-01-1786,62
02-01-1786,79
03-01-1786,80
04-01-1786,142
05-01-1786,154
06-01-1786,98
07-01-1786,138
08-01-1786,150
09-01-1786,186
10-01-1786,187
11-01-1786,193
12-01-1786,188
01-01-1787,225
02-01-1787,177
03-01-1787,146
04-01-1787,212
05-01-1787,225
06-01-1787,165
07-01-1787,213
08-01-1787,229
09-01-1787,262
10-01-1787,262
11-01-1787,236
12-01-1787,290
01-01-1788,230
02-01-1788,215
03-01-1788,239
04-01-1788,181
05-01-1788,188
06-01-1788,257
07-01-1788,236
08-01-1788,227
09-01-1788,235
10-01-1788,237
11-01-1788,158
12-01-1788,216
01-01-1789,190
02-01-1789,209
03-01-1789,200
04-01-1789,206
05-01-1789,206
06-01-1789,200
07-01-1789,195
08-01-1789,172
09-01-1789,187
10-01-1789,150
11-01-1789,223
12-01-1789,226
01-01-1790,172
02-01-1790,213
03-01-1790,161
04-01-1790,157
05-01-1790,155
06-01-1790,152
07-01-1790,116
08-01-1790,145
09-01-1790,129
10-01-1790,141
11-01-1790,137
12-01-1790,123
01-01-1791,121
02-01-1791,103
03-01-1791,123
04-01-1791,129
05-01-1791,123
06-01-1791,107
07-01-1791,118
08-01-1791,72
09-01-1791,111
10-01-1791,103
11-01-1791,112
12-01-1791,110
01-01-1792,97
02-01-1792,107
03-01-1792,105
04-01-1792,126
05-01-1792,103
06-01-1792,102
07-01-1792,76
08-01-1792,100
09-01-1792,98
10-01-1792,98
11-01-1792,95
12-01-1792,93
01-01-1793,93
02-01-1793,92
03-01-1793,93
04-01-1793,88
05-01-1793,87
06-01-1793,85
07-01-1793,83
08-01-1793,49
09-01-1793,40
10-01-1793,78
11-01-1793,73
12-01-1793,76
01-01-1794,75
02-01-1794,73
03-01-1794,63
04-01-1794,47
05-01-1794,93
06-01-1794,69
07-01-1794,68
08-01-1794,67
09-01-1794,19
10-01-1794,48
11-01-1794,112
12-01-1794,86
01-01-1795,36
02-01-1795,67
03-01-1795,21
04-01-1795,31
05-01-1795,52
06-01-1795,29
07-01-1795,22
08-01-1795,43
09-01-1795,23
10-01-1795,33
11-01-1795,42
12-01-1795,30
01-01-1796,37
02-01-1796,40
03-01-1796,26
04-01-1796,53
05-01-1796,35
06-01-1796,11
07-01-1796,45
08-01-1796,3
09-01-1796,31
10-01-1796,18
11-01-1796,14
12-01-1796,9
01-01-1797,24
02-01-1797,7
03-01-1797,7
04-01-1797,7
05-01-1797,12
06-01-1797,19
07-01-1797,7
08-01-1797,10
09-01-1797,10
10-01-1797,12
11-01-1797,10
12-01-1797,5
01-01-1798,3
02-01-1798,7
03-01-1798,21
04-01-1798,2
05-01-1798,0
06-01-1798,0
07-01-1798,0
08-01-1798,5
09-01-1798,4
10-01-1798,3
11-01-1798,21
12-01-1798,17
01-01-1799,3
02-01-1799,21
03-01-1799,36
04-01-1799,14
05-01-1799,14
06-01-1799,18
07-01-1799,4
08-01-1799,0
09-01-1799,0
10-01-1799,8
11-01-1799,5
12-01-1799,14
01-01-1800,12
02-01-1800,16
03-01-1800,23
04-01-1800,0
05-01-1800,8
06-01-1800,40
07-01-1800,35
08-01-1800,33
09-01-1800,19
10-01-1800,21
11-01-1800,18
12-01-1800,67
01-01-1801,45
02-01-1801,48
03-01-1801,50
04-01-1801,52
05-01-1801,53
06-01-1801,52
07-01-1801,58
08-01-1801,65
09-01-1801,56
10-01-1801,54
11-01-1801,66
12-01-1801,80
01-01-1802,80
02-01-1802,78
03-01-1802,68
04-01-1802,70
05-01-1802,73
06-01-1802,77
07-01-1802,80
08-01-1802,83
09-01-1802,86
10-01-1802,64
11-01-1802,58
12-01-1802,83
01-01-1803,83
02-01-1803,85
03-01-1803,49
04-01-1803,42
05-01-1803,74
06-01-1803,60
07-01-1803,81
08-01-1803,57
09-01-1803,76
10-01-1803,91
11-01-1803,85
12-01-1803,80
01-01-1804,76
02-01-1804,81
03-01-1804,80
04-01-1804,84
05-01-1804,56
06-01-1804,58
07-01-1804,50
08-01-1804,72
09-01-1804,88
10-01-1804,104
11-01-1804,102
12-01-1804,100
01-01-1805,102
02-01-1805,74
03-01-1805,86
04-01-1805,63
05-01-1805,65
06-01-1805,68
07-01-1805,63
08-01-1805,71
09-01-1805,74
10-01-1805,49
11-01-1805,68
12-01-1805,64
01-01-1806,65
02-01-1806,49
03-01-1806,55
04-01-1806,46
05-01-1806,44
06-01-1806,43
07-01-1806,50
08-01-1806,44
09-01-1806,40
10-01-1806,45
11-01-1806,42
12-01-1806,40
01-01-1807,20
02-01-1807,20
03-01-1807,16
04-01-1807,40
05-01-1807,17
06-01-1807,20
07-01-1807,21
08-01-1807,20
09-01-1807,10
10-01-1807,13
11-01-1807,4
12-01-1807,0
01-01-1808,0
02-01-1808,8
03-01-1808,0
04-01-1808,21
05-01-1808,23
06-01-1808,23
07-01-1808,11
08-01-1808,13
09-01-1808,20
10-01-1808,8
11-01-1808,18
12-01-1808,21
01-01-1809,12
02-01-1809,15
03-01-1809,2
04-01-1809,4
05-01-1809,3
06-01-1809,13
07-01-1809,1
08-01-1809,0
09-01-1809,1
10-01-1809,0
11-01-1809,0
12-01-1809,0
01-01-1810,0
02-01-1810,0
03-01-1810,0
04-01-1810,0
05-01-1810,0
06-01-1810,0
07-01-1810,0
08-01-1810,0
09-01-1810,0
10-01-1810,0
11-01-1810,0
12-01-1810,0
01-01-1811,0
02-01-1811,0
03-01-1811,0
04-01-1811,0
05-01-1811,0
06-01-1811,0
07-01-1811,11
08-01-1811,0
09-01-1811,4
10-01-1811,10
11-01-1811,1
12-01-1811,2
01-01-1812,19
02-01-1812,3
03-01-1812,1
04-01-1812,0
05-01-1812,2
06-01-1812,2
07-01-1812,1
08-01-1812,26
09-01-1812,9
10-01-1812,7
11-01-1812,13
12-01-1812,17
01-01-1813,0
02-01-1813,17
03-01-1813,3
04-01-1813,28
05-01-1813,9
06-01-1813,19
07-01-1813,31
08-01-1813,14
09-01-1813,26
10-01-1813,46
11-01-1813,28
12-01-1813,24
01-01-1814,37
02-01-1814,20
03-01-1814,10
04-01-1814,40
05-01-1814,10
06-01-1814,25
07-01-1814,31
08-01-1814,4
09-01-1814,14
10-01-1814,32
11-01-1814,24
12-01-1814,34
01-01-1815,32
02-01-1815,54
03-01-1815,44
04-01-1815,53
05-01-1815,16
06-01-1815,93
07-01-1815,59
08-01-1815,79
09-01-1815,53
10-01-1815,56
11-01-1815,62
12-01-1815,108
01-01-1816,44
02-01-1816,115
03-01-1816,123
04-01-1816,98
05-01-1816,74
06-01-1816,73
07-01-1816,65
08-01-1816,39
09-01-1816,80
10-01-1816,94
11-01-1816,64
12-01-1816,50
01-01-1817,61
02-01-1817,97
03-01-1817,160
04-01-1817,44
05-01-1817,35
06-01-1817,67
07-01-1817,83
08-01-1817,75
09-01-1817,61
10-01-1817,43
11-01-1817,48
12-01-1817,47
01-01-1818,58
02-01-1818,37
03-01-1818,42
04-01-1818,58
05-01-1818,89
06-01-1818,61
07-01-1818,47
08-01-1818,53
09-01-1818,43
10-01-1818,53
11-01-1818,18
12-01-1818,43
01-01-1819,55
02-01-1819,35
03-01-1819,6
04-01-1819,34
05-01-1819,33
06-01-1819,58
07-01-1819,53
08-01-1819,44
09-01-1819,25
10-01-1819,46
11-01-1819,42
12-01-1819,51
01-01-1820,32
02-01-1820,44
03-01-1820,8
04-01-1820,32
05-01-1820,49
06-01-1820,18
07-01-1820,34
08-01-1820,43
09-01-1820,9
10-01-1820,15
11-01-1820,13
12-01-1820,15
01-01-1821,36
02-01-1821,7
03-01-1821,10
04-01-1821,15
05-01-1821,3
06-01-1821,3
07-01-1821,4
08-01-1821,8
09-01-1821,7
10-01-1821,31
11-01-1821,7
12-01-1821,0
01-01-1822,0
02-01-1822,2
03-01-1822,27
04-01-1822,22
05-01-1822,2
06-01-1822,9
07-01-1822,13
08-01-1822,3
09-01-1822,0
10-01-1822,1
11-01-1822,0
12-01-1822,0
01-01-1823,0
02-01-1823,0
03-01-1823,1
04-01-1823,0
05-01-1823,0
06-01-1823,0
07-01-1823,1
08-01-1823,0
09-01-1823,0
10-01-1823,0
11-01-1823,0
12-01-1823,34
01-01-1824,36
02-01-1824,18
03-01-1824,0
04-01-1824,32
05-01-1824,5
06-01-1824,0
07-01-1824,0
08-01-1824,2
09-01-1824,34
10-01-1824,42
11-01-1824,0
12-01-1824,1
01-01-1825,8
02-01-1825,26
03-01-1825,37
04-01-1825,6
05-01-1825,26
06-01-1825,26
07-01-1825,52
08-01-1825,43
09-01-1825,26
10-01-1825,26
11-01-1825,20
12-01-1825,37
01-01-1826,29
02-01-1826,30
03-01-1826,61
04-01-1826,40
05-01-1826,54
06-01-1826,62
07-01-1826,88
08-01-1826,66
09-01-1826,32
10-01-1826,84
11-01-1826,66
12-01-1826,114
01-01-1827,58
02-01-1827,79
03-01-1827,96
04-01-1827,77
05-01-1827,94
06-01-1827,94
07-01-1827,70
08-01-1827,89
09-01-1827,83
10-01-1827,94
11-01-1827,80
12-01-1827,77
01-01-1828,88
02-01-1828,107
03-01-1828,109
04-01-1828,102
05-01-1828,149
06-01-1828,163
07-01-1828,90
08-01-1828,127
09-01-1828,84
10-01-1828,91
11-01-1828,95
12-01-1828,78
01-01-1829,72
02-01-1829,82
03-01-1829,121
04-01-1829,158
05-01-1829,112
06-01-1829,123
07-01-1829,152
08-01-1829,129
09-01-1829,88
10-01-1829,95
11-01-1829,113
12-01-1829,94
01-01-1830,87
02-01-1830,120
03-01-1830,141
04-01-1830,177
05-01-1830,111
06-01-1830,108
07-01-1830,73
08-01-1830,85
09-01-1830,103
10-01-1830,141
11-01-1830,135
12-01-1830,137
01-01-1831,79
02-01-1831,84
03-01-1831,156
04-01-1831,91
05-01-1831,63
06-01-1831,56
07-01-1831,75
08-01-1831,92
09-01-1831,63
10-01-1831,77
11-01-1831,73
12-01-1831,48
01-01-1832,52
02-01-1832,93
03-01-1832,92
04-01-1832,45
05-01-1832,69
06-01-1832,45
07-01-1832,23
08-01-1832,15
09-01-1832,14
10-01-1832,35
11-01-1832,24
12-01-1832,46
01-01-1833,19
02-01-1833,25
03-01-1833,20
04-01-1833,5
05-01-1833,22
06-01-1833,2
07-01-1833,12
08-01-1833,10
09-01-1833,19
10-01-1833,13
11-01-1833,10
12-01-1833,17
01-01-1834,8
02-01-1834,30
03-01-1834,7
04-01-1834,2
05-01-1834,15
06-01-1834,13
07-01-1834,14
08-01-1834,7
09-01-1834,19
10-01-1834,41
11-01-1834,51
12-01-1834,58
01-01-1835,12
02-01-1835,41
03-01-1835,33
04-01-1835,102
05-01-1835,73
06-01-1835,55
07-01-1835,100
08-01-1835,99
09-01-1835,168
10-01-1835,159
11-01-1835,167
12-01-1835,129
01-01-1836,148
02-01-1836,179
03-01-1836,164
04-01-1836,238
05-01-1836,186
06-01-1836,208
07-01-1836,195
08-01-1836,180
09-01-1836,159
10-01-1836,229
11-01-1836,202
12-01-1836,344
01-01-1837,313
02-01-1837,293
03-01-1837,224
04-01-1837,230
05-01-1837,186
06-01-1837,263
07-01-1837,271
08-01-1837,224
09-01-1837,160
10-01-1837,206
11-01-1837,178
12-01-1837,216
01-01-1838,242
02-01-1838,141
03-01-1838,235
04-01-1838,211
05-01-1838,229
06-01-1838,158
07-01-1838,180
08-01-1838,131
09-01-1838,123
10-01-1838,152
11-01-1838,129
12-01-1838,133
01-01-1839,176
02-01-1839,171
03-01-1839,130
04-01-1839,103
05-01-1839,90
06-01-1839,91
07-01-1839,141
08-01-1839,219
09-01-1839,221
10-01-1839,152
11-01-1839,115
12-01-1839,106
01-01-1840,135
02-01-1840,146
03-01-1840,113
04-01-1840,110
05-01-1840,115
06-01-1840,81
07-01-1840,101
08-01-1840,96
09-01-1840,123
10-01-1840,92
11-01-1840,90
12-01-1840,90
01-01-1841,40
02-01-1841,50
03-01-1841,50
04-01-1841,67
05-01-1841,112
06-01-1841,93
07-01-1841,51
08-01-1841,65
09-01-1841,61
10-01-1841,47
11-01-1841,33
12-01-1841,65
01-01-1842,34
02-01-1842,37
03-01-1842,36
04-01-1842,45
05-01-1842,41
06-01-1842,34
07-01-1842,21
08-01-1842,44
09-01-1842,31
10-01-1842,64
11-01-1842,68
12-01-1842,29
01-01-1843,22
02-01-1843,6
03-01-1843,14
04-01-1843,16
05-01-1843,35
06-01-1843,18
07-01-1843,16
08-01-1843,20
09-01-1843,7
10-01-1843,9
11-01-1843,32
12-01-1843,21
01-01-1844,16
02-01-1844,25
03-01-1844,23
04-01-1844,35
05-01-1844,19
06-01-1844,6
07-01-1844,35
08-01-1844,40
09-01-1844,12
10-01-1844,36
11-01-1844,18
12-01-1844,36
01-01-1845,43
02-01-1845,73
03-01-1845,72
04-01-1845,95
05-01-1845,80
06-01-1845,52
07-01-1845,51
08-01-1845,54
09-01-1845,49
10-01-1845,68
11-01-1845,66
12-01-1845,100
01-01-1846,65
02-01-1846,85
03-01-1846,107
04-01-1846,116
05-01-1846,100
06-01-1846,108
07-01-1846,78
08-01-1846,91
09-01-1846,179
10-01-1846,93
11-01-1846,101
12-01-1846,109
01-01-1847,104
02-01-1847,75
03-01-1847,143
04-01-1847,75
05-01-1847,126
06-01-1847,142
07-01-1847,87
08-01-1847,234
09-01-1847,268
10-01-1847,301
11-01-1847,232
12-01-1847,183
01-01-1848,265
02-01-1848,186
03-01-1848,181
04-01-1848,179
05-01-1848,171
06-01-1848,215
07-01-1848,232
08-01-1848,221
09-01-1848,167
10-01-1848,221
11-01-1848,191
12-01-1848,266
01-01-1849,298
02-01-1849,250
03-01-1849,183
04-01-1849,195
05-01-1849,153
06-01-1849,154
07-01-1849,148
08-01-1849,129
09-01-1849,178
10-01-1849,136
11-01-1849,188
12-01-1849,184
01-01-1850,148
02-01-1850,170
03-01-1850,157
04-01-1850,84
05-01-1850,117
06-01-1850,133
07-01-1850,74
08-01-1850,117
09-01-1850,164
10-01-1850,135
11-01-1850,104
12-01-1850,116
01-01-1851,144
02-01-1851,200
03-01-1851,123
04-01-1851,107
05-01-1851,119
06-01-1851,120
07-01-1851,69
08-01-1851,109
09-01-1851,129
10-01-1851,119
11-01-1851,97
12-01-1851,136
01-01-1852,130
02-01-1852,126
03-01-1852,116
04-01-1852,124
05-01-1852,104
06-01-1852,89
07-01-1852,80
08-01-1852,75
09-01-1852,71
10-01-1852,128
11-01-1852,103
12-01-1852,86
01-01-1853,78
02-01-1853,82
03-01-1853,72
04-01-1853,90
05-01-1853,66
06-01-1853,76
07-01-1853,87
08-01-1853,96
09-01-1853,64
10-01-1853,81
11-01-1853,55
12-01-1853,45
01-01-1854,29
02-01-1854,38
03-01-1854,39
04-01-1854,50
05-01-1854,46
06-01-1854,40
07-01-1854,36
08-01-1854,30
09-01-1854,43
10-01-1854,24
11-01-1854,54
12-01-1854,41
01-01-1855,23
02-01-1855,22
03-01-1855,33
04-01-1855,8
05-01-1855,17
06-01-1855,10
07-01-1855,1
08-01-1855,6
09-01-1855,0
10-01-1855,18
11-01-1855,8
12-01-1855,6
01-01-1856,1
02-01-1856,9
03-01-1856,1
04-01-1856,12
05-01-1856,0
06-01-1856,10
07-01-1856,9
08-01-1856,11
09-01-1856,8
10-01-1856,9
11-01-1856,15
12-01-1856,14
01-01-1857,26
02-01-1857,14
03-01-1857,10
04-01-1857,21
05-01-1857,54
06-01-1857,31
07-01-1857,42
08-01-1857,32
09-01-1857,81
10-01-1857,77
11-01-1857,60
12-01-1857,71
01-01-1858,74
02-01-1858,66
03-01-1858,109
04-01-1858,73
05-01-1858,79
06-01-1858,85
07-01-1858,108
08-01-1858,105
09-01-1858,152
10-01-1858,173
11-01-1858,99
12-01-1858,127
01-01-1859,159
02-01-1859,166
03-01-1859,172
04-01-1859,163
05-01-1859,173
06-01-1859,165
07-01-1859,181
08-01-1859,203
09-01-1859,201
10-01-1859,218
11-01-1859,185
12-01-1859,154
01-01-1860,157
02-01-1860,168
03-01-1860,188
04-01-1860,136
05-01-1860,204
06-01-1860,206
07-01-1860,222
08-01-1860,191
09-01-1860,175
10-01-1860,171
11-01-1860,186
12-01-1860,182
01-01-1861,119
02-01-1861,148
03-01-1861,192
04-01-1861,187
05-01-1861,108
06-01-1861,168
07-01-1861,148
08-01-1861,157
09-01-1861,152
10-01-1861,128
11-01-1861,102
12-01-1861,153
01-01-1862,120
02-01-1862,122
03-01-1862,83
04-01-1862,102
05-01-1862,122
06-01-1862,160
07-01-1862,140
08-01-1862,119
09-01-1862,126
10-01-1862,80
11-01-1862,96
12-01-1862,78
01-01-1863,92
02-01-1863,108
03-01-1863,126
04-01-1863,77
05-01-1863,102
06-01-1863,78
07-01-1863,62
08-01-1863,91
09-01-1863,42
10-01-1863,76
11-01-1863,72
12-01-1863,78
01-01-1864,110
02-01-1864,90
03-01-1864,126
04-01-1864,68
05-01-1864,77
06-01-1864,110
07-01-1864,104
08-01-1864,104
09-01-1864,54
10-01-1864,64
11-01-1864,109
12-01-1864,54
01-01-1865,93
02-01-1865,75
03-01-1865,75
04-01-1865,56
05-01-1865,66
06-01-1865,64
07-01-1865,51
08-01-1865,72
09-01-1865,41
10-01-1865,33
11-01-1865,47
12-01-1865,24
01-01-1866,60
02-01-1866,73
03-01-1866,47
04-01-1866,34
05-01-1866,25
06-01-1866,31
07-01-1866,18
08-01-1866,24
09-01-1866,14
10-01-1866,27
11-01-1866,17
12-01-1866,3
01-01-1867,0
02-01-1867,1
03-01-1867,17
04-01-1867,10
05-01-1867,6
06-01-1867,3
07-01-1867,10
08-01-1867,9
09-01-1867,19
10-01-1867,26
11-01-1867,18
12-01-1867,48
01-01-1868,26
02-01-1868,26
03-01-1868,44
04-01-1868,61
05-01-1868,45
06-01-1868,52
07-01-1868,48
08-01-1868,57
09-01-1868,79
10-01-1868,103
11-01-1868,99
12-01-1868,113
01-01-1869,102
02-01-1869,100
03-01-1869,88
04-01-1869,68
05-01-1869,173
06-01-1869,181
07-01-1869,99
08-01-1869,133
09-01-1869,135
10-01-1869,99
11-01-1869,130
12-01-1869,174
01-01-1870,129
02-01-1870,192
03-01-1870,263
04-01-1870,267
05-01-1870,294
06-01-1870,226
07-01-1870,221
08-01-1870,257
09-01-1870,227
10-01-1870,244
11-01-1870,246
12-01-1870,217
01-01-1871,147
02-01-1871,209
03-01-1871,239
04-01-1871,271
05-01-1871,243
06-01-1871,153
07-01-1871,172
08-01-1871,184
09-01-1871,134
10-01-1871,149
11-01-1871,176
12-01-1871,151
01-01-1872,133
02-01-1872,200
03-01-1872,148
04-01-1872,170
05-01-1872,180
06-01-1872,183
07-01-1872,176
08-01-1872,155
09-01-1872,191
10-01-1872,171
11-01-1872,187
12-01-1872,140
01-01-1873,145
02-01-1873,178
03-01-1873,164
04-01-1873,127
05-01-1873,80
06-01-1873,75
07-01-1873,112
08-01-1873,114
09-01-1873,79
10-01-1873,79
11-01-1873,93
12-01-1873,82
01-01-1874,101
02-01-1874,107
03-01-1874,78
04-01-1874,54
05-01-1874,75
06-01-1874,64
07-01-1874,113
08-01-1874,102
09-01-1874,47
10-01-1874,57
11-01-1874,48
12-01-1874,49
01-01-1875,24
02-01-1875,36
03-01-1875,56
04-01-1875,49
05-01-1875,19
06-01-1875,40
07-01-1875,21
08-01-1875,24
09-01-1875,4
10-01-1875,21
11-01-1875,30
12-01-1875,17
01-01-1876,24
02-01-1876,25
03-01-1876,51
04-01-1876,4
05-01-1876,9
06-01-1876,3
07-01-1876,26
08-01-1876,15
09-01-1876,17
10-01-1876,24
11-01-1876,17
12-01-1876,14
01-01-1877,41
02-01-1877,15
03-01-1877,20
04-01-1877,26
05-01-1877,36
06-01-1877,24
07-01-1877,10
08-01-1877,11
09-01-1877,28
10-01-1877,11
11-01-1877,24
12-01-1877,4
01-01-1878,6
02-01-1878,11
03-01-1878,13
04-01-1878,0
05-01-1878,10
06-01-1878,11
07-01-1878,0
08-01-1878,0
09-01-1878,9
10-01-1878,2
11-01-1878,7
12-01-1878,1
01-01-1879,2
02-01-1879,1
03-01-1879,0
04-01-1879,10
05-01-1879,4
06-01-1879,8
07-01-1879,13
08-01-1879,18
09-01-1879,10
10-01-1879,20
11-01-1879,22
12-01-1879,12
01-01-1880,40
02-01-1880,45
03-01-1880,32
04-01-1880,32
05-01-1880,39
06-01-1880,57
07-01-1880,37
08-01-1880,80
09-01-1880,110
10-01-1880,72
11-01-1880,51
12-01-1880,49
01-01-1881,61
02-01-1881,89
03-01-1881,86
04-01-1881,86
05-01-1881,73
06-01-1881,101
07-01-1881,128
08-01-1881,97
09-01-1881,89
10-01-1881,107
11-01-1881,92
12-01-1881,79
01-01-1882,75
02-01-1882,116
03-01-1882,112
04-01-1882,160
05-01-1882,107
06-01-1882,75
07-01-1882,76
08-01-1882,68
09-01-1882,96
10-01-1882,99
11-01-1882,141
12-01-1882,70
01-01-1883,101
02-01-1883,78
03-01-1883,71
04-01-1883,137
05-01-1883,53
06-01-1883,127
07-01-1883,134
08-01-1883,77
09-01-1883,88
10-01-1883,140
11-01-1883,141
12-01-1883,127
01-01-1884,153
02-01-1884,145
03-01-1884,146
04-01-1884,127
05-01-1884,111
06-01-1884,85
07-01-1884,89
08-01-1884,93
09-01-1884,103
10-01-1884,80
11-01-1884,61
12-01-1884,79
01-01-1885,71
02-01-1885,120
03-01-1885,83
04-01-1885,92
05-01-1885,122
06-01-1885,140
07-01-1885,111
08-01-1885,84
09-01-1885,66
10-01-1885,65
11-01-1885,52
12-01-1885,36
01-01-1886,50
02-01-1886,43
03-01-1886,96
04-01-1886,73
05-01-1886,51
06-01-1886,45
07-01-1886,50
08-01-1886,28
09-01-1886,36
10-01-1886,14
11-01-1886,1
12-01-1886,22
01-01-1887,17
02-01-1887,22
03-01-1887,7
04-01-1887,12
05-01-1887,33
06-01-1887,26
07-01-1887,39
08-01-1887,36
09-01-1887,12
10-01-1887,11
11-01-1887,12
12-01-1887,35
01-01-1888,21
02-01-1888,12
03-01-1888,13
04-01-1888,9
05-01-1888,12
06-01-1888,12
07-01-1888,5
08-01-1888,5
09-01-1888,15
10-01-1888,3
11-01-1888,18
12-01-1888,11
01-01-1889,1
02-01-1889,14
03-01-1889,11
04-01-1889,7
05-01-1889,4
06-01-1889,11
07-01-1889,16
08-01-1889,34
09-01-1889,11
10-01-1889,3
11-01-1889,0
12-01-1889,11
01-01-1890,9
02-01-1890,1
03-01-1890,9
04-01-1890,3
05-01-1890,8
06-01-1890,2
07-01-1890,19
08-01-1890,14
09-01-1890,29
10-01-1890,19
11-01-1890,16
12-01-1890,13
01-01-1891,23
02-01-1891,37
03-01-1891,17
04-01-1891,34
05-01-1891,69
06-01-1891,80
07-01-1891,98
08-01-1891,55
09-01-1891,90
10-01-1891,86
11-01-1891,70
12-01-1891,54
01-01-1892,115
02-01-1892,126
03-01-1892,83
04-01-1892,116
05-01-1892,133
06-01-1892,127
07-01-1892,128
08-01-1892,169
09-01-1892,105
10-01-1892,118
11-01-1892,109
12-01-1892,131
01-01-1893,125
02-01-1893,122
03-01-1893,110
04-01-1893,147
05-01-1893,141
06-01-1893,150
07-01-1893,148
08-01-1893,215
09-01-1893,130
10-01-1893,133
11-01-1893,125
12-01-1893,156
01-01-1894,139
02-01-1894,141
03-01-1894,87
04-01-1894,136
05-01-1894,169
06-01-1894,165
07-01-1894,177
08-01-1894,117
09-01-1894,110
10-01-1894,126
11-01-1894,94
12-01-1894,100
01-01-1895,105
02-01-1895,112
03-01-1895,102
04-01-1895,128
05-01-1895,113
06-01-1895,119
07-01-1895,80
08-01-1895,115
09-01-1895,96
10-01-1895,113
11-01-1895,79
12-01-1895,118
01-01-1896,48
02-01-1896,96
03-01-1896,87
04-01-1896,73
05-01-1896,46
06-01-1896,82
07-01-1896,75
08-01-1896,45
09-01-1896,102
10-01-1896,48
11-01-1896,63
12-01-1896,71
01-01-1897,68
02-01-1897,49
03-01-1897,49
04-01-1897,52
05-01-1897,33
06-01-1897,19
07-01-1897,46
08-01-1897,36
09-01-1897,80
10-01-1897,24
11-01-1897,14
12-01-1897,56
01-01-1898,50
02-01-1898,61
03-01-1898,64
04-01-1898,24
05-01-1898,43
06-01-1898,37
07-01-1898,15
08-01-1898,52
09-01-1898,58
10-01-1898,57
11-01-1898,52
12-01-1898,21
01-01-1899,32
02-01-1899,15
03-01-1899,30
04-01-1899,24
05-01-1899,13
06-01-1899,34
07-01-1899,23
08-01-1899,5
09-01-1899,14
10-01-1899,22
11-01-1899,13
12-01-1899,18
01-01-1900,16
02-01-1900,23
03-01-1900,14
04-01-1900,27
05-01-1900,25
06-01-1900,20
07-01-1900,14
08-01-1900,7
09-01-1900,14
10-01-1900,22
11-01-1900,8
12-01-1900,1
01-01-1901,0
02-01-1901,4
03-01-1901,7
04-01-1901,0
05-01-1901,17
06-01-1901,10
07-01-1901,1
08-01-1901,2
09-01-1901,1
10-01-1901,6
11-01-1901,6
12-01-1901,0
01-01-1902,9
02-01-1902,0
03-01-1902,21
04-01-1902,0
05-01-1902,5
06-01-1902,2
07-01-1902,2
08-01-1902,4
09-01-1902,13
10-01-1902,27
11-01-1902,17
12-01-1902,2
01-01-1903,14
02-01-1903,28
03-01-1903,23
04-01-1903,44
05-01-1903,24
06-01-1903,27
07-01-1903,46
08-01-1903,48
09-01-1903,19
10-01-1903,65
11-01-1903,74
12-01-1903,76
01-01-1904,53
02-01-1904,41
03-01-1904,62
04-01-1904,72
05-01-1904,66
06-01-1904,70
07-01-1904,84
08-01-1904,97
09-01-1904,50
10-01-1904,90
11-01-1904,63
12-01-1904,91
01-01-1905,91
02-01-1905,143
03-01-1905,94
04-01-1905,66
05-01-1905,80
06-01-1905,82
07-01-1905,122
08-01-1905,98
09-01-1905,92
10-01-1905,131
11-01-1905,179
12-01-1905,93
01-01-1906,76
02-01-1906,52
03-01-1906,107
04-01-1906,92
05-01-1906,96
06-01-1906,105
07-01-1906,173
08-01-1906,80
09-01-1906,94
10-01-1906,30
11-01-1906,65
12-01-1906,108
01-01-1907,127
02-01-1907,180
03-01-1907,101
04-01-1907,88
05-01-1907,71
06-01-1907,67
07-01-1907,83
08-01-1907,91
09-01-1907,142
10-01-1907,109
11-01-1907,103
12-01-1907,79
01-01-1908,65
02-01-1908,57
03-01-1908,48
04-01-1908,96
05-01-1908,68
06-01-1908,80
07-01-1908,66
08-01-1908,151
09-01-1908,145
10-01-1908,54
11-01-1908,76
12-01-1908,66
01-01-1909,95
02-01-1909,78
03-01-1909,111
04-01-1909,54
05-01-1909,60
06-01-1909,38
07-01-1909,60
08-01-1909,39
09-01-1909,65
10-01-1909,97
11-01-1909,93
12-01-1909,90
01-01-1910,44
02-01-1910,53
03-01-1910,36
04-01-1910,14
05-01-1910,37
06-01-1910,21
07-01-1910,24
08-01-1910,19
09-01-1910,44
10-01-1910,64
11-01-1910,8
12-01-1910,10
01-01-1911,6
02-01-1911,15
03-01-1911,13
04-01-1911,28
05-01-1911,15
06-01-1911,4
07-01-1911,6
08-01-1911,7
09-01-1911,7
10-01-1911,5
11-01-1911,7
12-01-1911,4
01-01-1912,0
02-01-1912,0
03-01-1912,8
04-01-1912,8
05-01-1912,7
06-01-1912,7
07-01-1912,5
08-01-1912,1
09-01-1912,16
10-01-1912,8
11-01-1912,2
12-01-1912,11
01-01-1913,4
02-01-1913,5
03-01-1913,1
04-01-1913,2
05-01-1913,0
06-01-1913,0
07-01-1913,3
08-01-1913,0
09-01-1913,2
10-01-1913,5
11-01-1913,1
12-01-1913,6
01-01-1914,5
02-01-1914,4
03-01-1914,5
04-01-1914,29
05-01-1914,9
06-01-1914,19
07-01-1914,9
08-01-1914,13
09-01-1914,21
10-01-1914,14
11-01-1914,27
12-01-1914,37
01-01-1915,39
02-01-1915,70
03-01-1915,65
04-01-1915,69
05-01-1915,55
06-01-1915,115
07-01-1915,119
08-01-1915,116
09-01-1915,82
10-01-1915,89
11-01-1915,71
12-01-1915,58
01-01-1916,76
02-01-1916,92
03-01-1916,112
04-01-1916,120
05-01-1916,124
06-01-1916,113
07-01-1916,89
08-01-1916,59
09-01-1916,75
10-01-1916,85
11-01-1916,110
12-01-1916,88
01-01-1917,125
02-01-1917,120
03-01-1917,158
04-01-1917,125
05-01-1917,190
06-01-1917,191
07-01-1917,200
08-01-1917,258
09-01-1917,216
10-01-1917,120
11-01-1917,161
12-01-1917,216
01-01-1918,160
02-01-1918,109
03-01-1918,120
04-01-1918,134
05-01-1918,128
06-01-1918,99
07-01-1918,180
08-01-1918,170
09-01-1918,133
10-01-1918,142
11-01-1918,139
12-01-1918,99
01-01-1919,80
02-01-1919,133
03-01-1919,111
04-01-1919,86
05-01-1919,147
06-01-1919,185
07-01-1919,108
08-01-1919,115
09-01-1919,91
10-01-1919,88
11-01-1919,70
12-01-1919,58
01-01-1920,85
02-01-1920,90
03-01-1920,117
04-01-1920,25
05-01-1920,55
06-01-1920,65
07-01-1920,46
08-01-1920,32
09-01-1920,61
10-01-1920,83
11-01-1920,45
12-01-1920,50
01-01-1921,53
02-01-1921,47
03-01-1921,45
04-01-1921,54
05-01-1921,37
06-01-1921,56
07-01-1921,70
08-01-1921,38
09-01-1921,30
10-01-1921,30
11-01-1921,30
12-01-1921,34
01-01-1922,20
02-01-1922,44
03-01-1922,91
04-01-1922,18
05-01-1922,13
06-01-1922,10
07-01-1922,18
08-01-1922,11
09-01-1922,8
10-01-1922,10
11-01-1922,12
12-01-1922,29
01-01-1923,8
02-01-1923,3
03-01-1923,6
04-01-1923,10
05-01-1923,5
06-01-1923,15
07-01-1923,6
08-01-1923,1
09-01-1923,22
10-01-1923,20
11-01-1923,17
12-01-1923,5
01-01-1924,1
02-01-1924,9
03-01-1924,3
04-01-1924,19
05-01-1924,35
06-01-1924,40
07-01-1924,47
08-01-1924,32
09-01-1924,42
10-01-1924,43
11-01-1924,38
12-01-1924,28
01-01-1925,9
02-01-1925,39
03-01-1925,30
04-01-1925,53
05-01-1925,71
06-01-1925,79
07-01-1925,64
08-01-1925,63
09-01-1925,100
10-01-1925,115
11-01-1925,98
12-01-1925,164
01-01-1926,120
02-01-1926,116
03-01-1926,104
04-01-1926,64
05-01-1926,107
06-01-1926,122
07-01-1926,87
08-01-1926,103
09-01-1926,101
10-01-1926,119
11-01-1926,101
12-01-1926,132
01-01-1927,136
02-01-1927,155
03-01-1927,116
04-01-1927,156
05-01-1927,132
06-01-1927,99
07-01-1927,92
08-01-1927,90
09-01-1927,114
10-01-1927,105
11-01-1927,112
12-01-1927,75
01-01-1928,139
02-01-1928,122
03-01-1928,142
04-01-1928,134
05-01-1928,128
06-01-1928,152
07-01-1928,163
08-01-1928,140
09-01-1928,150
10-01-1928,102
11-01-1928,84
12-01-1928,98
01-01-1929,115
02-01-1929,105
03-01-1929,84
04-01-1929,88
05-01-1929,97
06-01-1929,120
07-01-1929,117
08-01-1929,110
09-01-1929,57
10-01-1929,90
11-01-1929,135
12-01-1929,180
01-01-1930,109
02-01-1930,83
03-01-1930,58
04-01-1930,64
05-01-1930,61
06-01-1930,48
07-01-1930,37
08-01-1930,42
09-01-1930,54
10-01-1930,57
11-01-1930,59
12-01-1930,43
01-01-1931,24
02-01-1931,72
03-01-1931,50
04-01-1931,52
05-01-1931,41
06-01-1931,26
07-01-1931,29
08-01-1931,22
09-01-1931,32
10-01-1931,17
11-01-1931,31
12-01-1931,30
01-01-1932,20
02-01-1932,18
03-01-1932,19
04-01-1932,19
05-01-1932,30
06-01-1932,37
07-01-1932,16
08-01-1932,11
09-01-1932,7
10-01-1932,15
11-01-1932,14
12-01-1932,19
01-01-1933,20
02-01-1933,37
03-01-1933,17
04-01-1933,5
05-01-1933,5
06-01-1933,9
07-01-1933,5
08-01-1933,0
09-01-1933,9
10-01-1933,5
11-01-1933,1
12-01-1933,0
01-01-1934,6
02-01-1934,13
03-01-1934,7
04-01-1934,19
05-01-1934,33
06-01-1934,11
07-01-1934,15
08-01-1934,14
09-01-1934,7
10-01-1934,10
11-01-1934,15
12-01-1934,26
01-01-1935,31
02-01-1935,34
03-01-1935,39
04-01-1935,20
05-01-1935,45
06-01-1935,76
07-01-1935,57
08-01-1935,50
09-01-1935,70
10-01-1935,89
11-01-1935,107
12-01-1935,103
01-01-1936,105
02-01-1936,124
03-01-1936,128
04-01-1936,125
05-01-1936,91
06-01-1936,117
07-01-1936,87
08-01-1936,145
09-01-1936,127
10-01-1936,148
11-01-1936,192
12-01-1936,206
01-01-1937,221
02-01-1937,214
03-01-1937,140
04-01-1937,182
05-01-1937,194
06-01-1937,217
07-01-1937,242
08-01-1937,230
09-01-1937,168
10-01-1937,208
11-01-1937,124
12-01-1937,148
01-01-1938,164
02-01-1938,199
03-01-1938,144
04-01-1938,168
05-01-1938,212
06-01-1938,163
07-01-1938,276
08-01-1938,193
09-01-1938,149
10-01-1938,165
11-01-1938,204
12-01-1938,155
01-01-1939,134
02-01-1939,129
03-01-1939,108
04-01-1939,182
05-01-1939,197
06-01-1939,168
07-01-1939,163
08-01-1939,176
09-01-1939,188
10-01-1939,147
11-01-1939,114
12-01-1939,70
01-01-1940,84
02-01-1940,99
03-01-1940,139
04-01-1940,101
05-01-1940,91
06-01-1940,140
07-01-1940,113
08-01-1940,176
09-01-1940,111
10-01-1940,92
11-01-1940,97
12-01-1940,114
01-01-1941,76
02-01-1941,74
03-01-1941,78
04-01-1941,55
05-01-1941,49
06-01-1941,100
07-01-1941,111
08-01-1941,100
09-01-1941,110
10-01-1941,77
11-01-1941,64
12-01-1941,56
01-01-1942,60
02-01-1942,88
03-01-1942,90
04-01-1942,101
05-01-1942,42
06-01-1942,19
07-01-1942,30
08-01-1942,34
09-01-1942,29
10-01-1942,32
11-01-1942,51
12-01-1942,38
01-01-1943,21
02-01-1943,48
03-01-1943,46
04-01-1943,44
05-01-1943,24
06-01-1943,13
07-01-1943,22
08-01-1943,32
09-01-1943,17
10-01-1943,13
11-01-1943,17
12-01-1943,31
01-01-1944,6
02-01-1944,1
03-01-1944,18
04-01-1944,0
05-01-1944,4
06-01-1944,8
07-01-1944,9
08-01-1944,28
09-01-1944,24
10-01-1944,28
11-01-1944,18
12-01-1944,47
01-01-1945,31
02-01-1945,21
03-01-1945,36
04-01-1945,53
05-01-1945,51
06-01-1945,60
07-01-1945,71
08-01-1945,43
09-01-1945,58
10-01-1945,115
11-01-1945,77
12-01-1945,46
01-01-1946,79
02-01-1946,144
03-01-1946,128
04-01-1946,126
05-01-1946,142
06-01-1946,123
07-01-1946,194
08-01-1946,179
09-01-1946,157
10-01-1946,171
11-01-1946,206
12-01-1946,203
01-01-1947,164
02-01-1947,189
03-01-1947,184
04-01-1947,212
05-01-1947,285
06-01-1947,232
07-01-1947,224
08-01-1947,267
09-01-1947,240
10-01-1947,232
11-01-1947,181
12-01-1947,165
01-01-1948,154
02-01-1948,122
03-01-1948,134
04-01-1948,269
05-01-1948,246
06-01-1948,238
07-01-1948,201
08-01-1948,224
09-01-1948,203
10-01-1948,193
11-01-1948,136
12-01-1948,195
01-01-1949,169
02-01-1949,258
03-01-1949,223
04-01-1949,208
05-01-1949,150
06-01-1949,172
07-01-1949,178
08-01-1949,175
09-01-1949,206
10-01-1949,186
11-01-1949,203
12-01-1949,167
01-01-1950,144
02-01-1950,134
03-01-1950,155
04-01-1950,161
05-01-1950,151
06-01-1950,118
07-01-1950,129
08-01-1950,121
09-01-1950,73
10-01-1950,87
11-01-1950,78
12-01-1950,77
01-01-1951,85
02-01-1951,85
03-01-1951,79
04-01-1951,132
05-01-1951,154
06-01-1951,142
07-01-1951,87
08-01-1951,87
09-01-1951,118
10-01-1951,73
11-01-1951,74
12-01-1951,65
01-01-1952,58
02-01-1952,32
03-01-1952,32
04-01-1952,42
05-01-1952,34
06-01-1952,52
07-01-1952,56
08-01-1952,78
09-01-1952,40
10-01-1952,34
11-01-1952,32
12-01-1952,49
01-01-1953,38
02-01-1953,6
03-01-1953,15
04-01-1953,40
05-01-1953,18
06-01-1953,32
07-01-1953,13
08-01-1953,34
09-01-1953,28
10-01-1953,12
11-01-1953,3
12-01-1953,4
01-01-1954,0
02-01-1954,1
03-01-1954,16
04-01-1954,3
05-01-1954,1
06-01-1954,0
07-01-1954,7
08-01-1954,13
09-01-1954,2
10-01-1954,11
11-01-1954,13
12-01-1954,11
01-01-1955,33
02-01-1955,30
03-01-1955,7
04-01-1955,16
05-01-1955,41
06-01-1955,45
07-01-1955,38
08-01-1955,58
09-01-1955,61
10-01-1955,83
11-01-1955,126
12-01-1955,109
01-01-1956,104
02-01-1956,176
03-01-1956,168
04-01-1956,157
05-01-1956,193
06-01-1956,165
07-01-1956,183
08-01-1956,240
09-01-1956,245
10-01-1956,220
11-01-1956,285
12-01-1956,272
01-01-1957,234
02-01-1957,185
03-01-1957,223
04-01-1957,248
05-01-1957,233
06-01-1957,284
07-01-1957,265
08-01-1957,224
09-01-1957,334
10-01-1957,359
11-01-1957,299
12-01-1957,339
01-01-1958,287
02-01-1958,234
03-01-1958,270
04-01-1958,278
05-01-1958,248
06-01-1958,243
07-01-1958,271
08-01-1958,284
09-01-1958,285
10-01-1958,257
11-01-1958,216
12-01-1958,266
01-01-1959,308
02-01-1959,203
03-01-1959,263
04-01-1959,231
05-01-1959,244
06-01-1959,239
07-01-1959,212
08-01-1959,283
09-01-1959,206
10-01-1959,158
11-01-1959,176
12-01-1959,177
01-01-1960,207
02-01-1960,150
03-01-1960,145
04-01-1960,173
05-01-1960,169
06-01-1960,156
07-01-1960,172
08-01-1960,190
09-01-1960,180
10-01-1960,117
11-01-1960,127
12-01-1960,121
01-01-1961,82
02-01-1961,65
03-01-1961,75
04-01-1961,87
05-01-1961,72
06-01-1961,110
07-01-1961,99
08-01-1961,79
09-01-1961,90
10-01-1961,54
11-01-1961,47
12-01-1961,57
01-01-1962,55
02-01-1962,72
03-01-1962,65
04-01-1962,66
05-01-1962,62
06-01-1962,60
07-01-1962,31
08-01-1962,32
09-01-1962,73
10-01-1962,56
11-01-1962,39
12-01-1962,33
01-01-1963,29
02-01-1963,35
03-01-1963,25
04-01-1963,42
05-01-1963,61
06-01-1963,51
07-01-1963,29
08-01-1963,48
09-01-1963,55
10-01-1963,50
11-01-1963,34
12-01-1963,22
01-01-1964,23
02-01-1964,25
03-01-1964,24
04-01-1964,13
05-01-1964,14
06-01-1964,14
07-01-1964,5
08-01-1964,14
09-01-1964,7
10-01-1964,9
11-01-1964,11
12-01-1964,22
01-01-1965,25
02-01-1965,21
03-01-1965,18
04-01-1965,10
05-01-1965,35
06-01-1965,23
07-01-1965,17
08-01-1965,13
09-01-1965,25
10-01-1965,29
11-01-1965,23
12-01-1965,25
01-01-1966,40
02-01-1966,35
03-01-1966,36
04-01-1966,69
05-01-1966,64
06-01-1966,68
07-01-1966,80
08-01-1966,73
09-01-1966,71
10-01-1966,81
11-01-1966,81
12-01-1966,100
01-01-1967,157
02-01-1967,133
03-01-1967,158
04-01-1967,98
05-01-1967,123
06-01-1967,95
07-01-1967,130
08-01-1967,152
09-01-1967,109
10-01-1967,125
11-01-1967,134
12-01-1967,179
01-01-1968,173
02-01-1968,159
03-01-1968,131
04-01-1968,115
05-01-1968,180
06-01-1968,156
07-01-1968,136
08-01-1968,155
09-01-1968,166
10-01-1968,153
11-01-1968,122
12-01-1968,156
01-01-1969,148
02-01-1969,171
03-01-1969,192
04-01-1969,151
05-01-1969,170
06-01-1969,150
07-01-1969,137
08-01-1969,139
09-01-1969,129
10-01-1969,135
11-01-1969,132
12-01-1969,139
01-01-1970,158
02-01-1970,181
03-01-1970,146
04-01-1970,155
05-01-1970,181
06-01-1970,151
07-01-1970,159
08-01-1970,132
09-01-1970,141
10-01-1970,123
11-01-1970,135
12-01-1970,118
01-01-1971,129
02-01-1971,112
03-01-1971,86
04-01-1971,102
05-01-1971,82
06-01-1971,71
07-01-1971,115
08-01-1971,87
09-01-1971,71
10-01-1971,73
11-01-1971,90
12-01-1971,117
01-01-1972,87
02-01-1972,125
03-01-1972,114
04-01-1972,90
05-01-1972,114
06-01-1972,125
07-01-1972,108
08-01-1972,109
09-01-1972,91
10-01-1972,87
11-01-1972,59
12-01-1972,64
01-01-1973,62
02-01-1973,61
03-01-1973,65
04-01-1973,82
05-01-1973,60
06-01-1973,56
07-01-1973,33
08-01-1973,37
09-01-1973,84
10-01-1973,44
11-01-1973,34
12-01-1973,33
01-01-1974,39
02-01-1974,37
03-01-1974,31
04-01-1974,58
05-01-1974,56
06-01-1974,52
07-01-1974,79
08-01-1974,48
09-01-1974,57
10-01-1974,67
11-01-1974,36
12-01-1974,30
01-01-1975,27
02-01-1975,17
03-01-1975,17
04-01-1975,8
05-01-1975,13
06-01-1975,17
07-01-1975,40
08-01-1975,57
09-01-1975,20
10-01-1975,14
11-01-1975,28
12-01-1975,12
01-01-1976,12
02-01-1976,6
03-01-1976,32
04-01-1976,27
05-01-1976,18
06-01-1976,18
07-01-1976,3
08-01-1976,24
09-01-1976,20
10-01-1976,30
11-01-1976,8
12-01-1976,22
01-01-1977,24
02-01-1977,33
03-01-1977,13
04-01-1977,19
05-01-1977,27
06-01-1977,55
07-01-1977,31
08-01-1977,43
09-01-1977,62
10-01-1977,62
11-01-1977,42
12-01-1977,61
01-01-1978,74
02-01-1978,133
03-01-1978,108
04-01-1978,141
05-01-1978,117
06-01-1978,135
07-01-1978,100
08-01-1978,82
09-01-1978,196
10-01-1978,177
11-01-1978,139
12-01-1978,174
01-01-1979,236
02-01-1979,195
03-01-1979,195
04-01-1979,144
05-01-1979,190
06-01-1979,212
07-01-1979,226
08-01-1979,201
09-01-1979,267
10-01-1979,264
11-01-1979,260
12-01-1979,250
01-01-1980,226
02-01-1980,219
03-01-1980,179
04-01-1980,232
05-01-1980,255
06-01-1980,223
07-01-1980,193
08-01-1980,192
09-01-1980,220
10-01-1980,233
11-01-1980,210
12-01-1980,247
01-01-1981,157
02-01-1981,190
03-01-1981,197
04-01-1981,225
05-01-1981,195
06-01-1981,132
07-01-1981,205
08-01-1981,243
09-01-1981,245
10-01-1981,216
11-01-1981,186
12-01-1981,195
01-01-1982,150
02-01-1982,231
03-01-1982,221
04-01-1982,170
05-01-1982,119
06-01-1982,164
07-01-1982,139
08-01-1982,162
09-01-1982,167
10-01-1982,134
11-01-1982,128
12-01-1982,169
01-01-1983,116
02-01-1983,73
03-01-1983,89
04-01-1983,110
05-01-1983,133
06-01-1983,132
07-01-1983,109
08-01-1983,96
09-01-1983,70
10-01-1983,73
11-01-1983,46
12-01-1983,46
01-01-1984,75
02-01-1984,110
03-01-1984,117
04-01-1984,90
05-01-1984,97
06-01-1984,65
07-01-1984,56
08-01-1984,35
09-01-1984,23
10-01-1984,13
11-01-1984,27
12-01-1984,21
01-01-1985,18
02-01-1985,21
03-01-1985,17
04-01-1985,20
05-01-1985,32
06-01-1985,28
07-01-1985,40
08-01-1985,10
09-01-1985,4
10-01-1985,22
11-01-1985,18
12-01-1985,16
01-01-1986,3
02-01-1986,28
03-01-1986,14
04-01-1986,22
05-01-1986,16
06-01-1986,1
07-01-1986,18
08-01-1986,10
09-01-1986,5
10-01-1986,40
11-01-1986,15
12-01-1986,6
01-01-1987,10
02-01-1987,3
03-01-1987,17
04-01-1987,46
05-01-1987,39
06-01-1987,19
07-01-1987,38
08-01-1987,48
09-01-1987,42
10-01-1987,63
11-01-1987,49
12-01-1987,29
01-01-1988,71
02-01-1988,45
03-01-1988,91
04-01-1988,109
05-01-1988,74
06-01-1988,124
07-01-1988,131
08-01-1988,139
09-01-1988,143
10-01-1988,157
11-01-1988,157
12-01-1988,231
01-01-1989,210
02-01-1989,209
03-01-1989,170
04-01-1989,166
05-01-1989,195
06-01-1989,285
07-01-1989,181
08-01-1989,232
09-01-1989,225
10-01-1989,212
11-01-1989,238
12-01-1989,211
01-01-1990,227
02-01-1990,172
03-01-1990,192
04-01-1990,190
05-01-1990,175
06-01-1990,153
07-01-1990,191
08-01-1990,252
09-01-1990,169
10-01-1990,199
11-01-1990,179
12-01-1990,197
01-01-1991,195
02-01-1991,240
03-01-1991,197
04-01-1991,198
05-01-1991,167
06-01-1991,225
07-01-1991,240
08-01-1991,241
09-01-1991,169
10-01-1991,197
11-01-1991,160
12-01-1991,213
01-01-1992,198
02-01-1992,231
03-01-1992,151
04-01-1992,142
05-01-1992,94
06-01-1992,99
07-01-1992,114
08-01-1992,92
09-01-1992,94
10-01-1992,133
11-01-1992,130
12-01-1992,122
01-01-1993,81
02-01-1993,128
03-01-1993,102
04-01-1993,94
05-01-1993,79
06-01-1993,70
07-01-1993,80
08-01-1993,63
09-01-1993,31
10-01-1993,71
11-01-1993,48
12-01-1993,68
01-01-1994,85
02-01-1994,55
03-01-1994,48
04-01-1994,27
05-01-1994,30
06-01-1994,40
07-01-1994,51
08-01-1994,34
09-01-1994,41
10-01-1994,67
11-01-1994,30
12-01-1994,32
01-01-1995,33
02-01-1995,46
03-01-1995,46
04-01-1995,22
05-01-1995,19
06-01-1995,23
07-01-1995,20
08-01-1995,18
09-01-1995,16
10-01-1995,31
11-01-1995,14
12-01-1995,15
01-01-1996,13
02-01-1996,8
03-01-1996,13
04-01-1996,7
05-01-1996,8
06-01-1996,17
07-01-1996,12
08-01-1996,20
09-01-1996,3
10-01-1996,1
11-01-1996,25
12-01-1996,14
01-01-1997,7
02-01-1997,11
03-01-1997,12
04-01-1997,23
05-01-1997,25
06-01-1997,21
07-01-1997,13
08-01-1997,36
09-01-1997,60
10-01-1997,33
11-01-1997,50
12-01-1997,56
01-01-1998,45
02-01-1998,50
03-01-1998,82
04-01-1998,71
05-01-1998,74
06-01-1998,91
07-01-1998,97
08-01-1998,121
09-01-1998,132
10-01-1998,79
11-01-1998,97
12-01-1998,119
01-01-1999,86
02-01-1999,98
03-01-1999,104
04-01-1999,94
05-01-1999,150
06-01-1999,207
07-01-1999,174
08-01-1999,142
09-01-1999,106
10-01-1999,169
11-01-1999,188
12-01-1999,117
01-01-2000,133
02-01-2000,166
03-01-2000,218
04-01-2000,192
05-01-2000,166
06-01-2000,188
07-01-2000,244
08-01-2000,181
09-01-2000,156
10-01-2000,142
11-01-2000,158
12-01-2000,143
01-01-2001,143
02-01-2001,122
03-01-2001,166
04-01-2001,162
05-01-2001,142
06-01-2001,203
07-01-2001,123
08-01-2001,162
09-01-2001,238
10-01-2001,194
11-01-2001,177
12-01-2001,213
01-01-2002,185
02-01-2002,170
03-01-2002,147
04-01-2002,187
05-01-2002,188
06-01-2002,129
07-01-2002,161
08-01-2002,176
09-01-2002,188
10-01-2002,151
11-01-2002,147
12-01-2002,135
01-01-2003,134
02-01-2003,76
03-01-2003,101
04-01-2003,98
05-01-2003,87
06-01-2003,119
07-01-2003,128
08-01-2003,115
09-01-2003,79
10-01-2003,98
11-01-2003,83
12-01-2003,72
01-01-2004,61
02-01-2004,75
03-01-2004,75
04-01-2004,59
05-01-2004,73
06-01-2004,67
07-01-2004,84
08-01-2004,70
09-01-2004,49
10-01-2004,74
11-01-2004,70
12-01-2004,29
01-01-2005,48
02-01-2005,44
03-01-2005,40
04-01-2005,39
05-01-2005,62
06-01-2005,57
07-01-2005,62
08-01-2005,61
09-01-2005,37
10-01-2005,13
11-01-2005,28
12-01-2005,59
01-01-2006,21
02-01-2006,6
03-01-2006,17
04-01-2006,50
05-01-2006,37
06-01-2006,25
07-01-2006,22
08-01-2006,21
09-01-2006,24
10-01-2006,15
11-01-2006,36
12-01-2006,22
01-01-2007,29
02-01-2007,18
03-01-2007,7
04-01-2007,5
05-01-2007,20
06-01-2007,21
07-01-2007,15
08-01-2007,10
09-01-2007,4
10-01-2007,2
11-01-2007,3
12-01-2007,17
01-01-2008,4
02-01-2008,3
03-01-2008,16
04-01-2008,4
05-01-2008,5
06-01-2008,5
07-01-2008,1
08-01-2008,0
09-01-2008,1
10-01-2008,4
11-01-2008,7
12-01-2008,1
01-01-2009,1
02-01-2009,1
03-01-2009,1
04-01-2009,1
05-01-2009,3
06-01-2009,6
07-01-2009,6
08-01-2009,0
09-01-2009,7
10-01-2009,8
11-01-2009,7
12-01-2009,16
01-01-2010,20
02-01-2010,29
03-01-2010,24
04-01-2010,10
05-01-2010,14
06-01-2010,19
07-01-2010,25
08-01-2010,30
09-01-2010,36
10-01-2010,34
11-01-2010,34
12-01-2010,25
